filename,input_string
image_1.png,"Meeting @ Stanford Univeristy,  April 7, 1919"
image_2.png,"Meeting @ Columbia University, Feb. 28-March 1, 1919"
image_3.png,"Annual Meeting in Chicago, Dec. 28 -30, 1920"
image_4.png,"Meeting @ Washington, April 22-23, 1921"
image_5.png,"Meeting @ Washington, April 22-23, 1921"
image_6.png,"Meeting @ Columbia University, Feb. 25, 1922 "
image_7.png,"Meeting @ Columbia University, Feb. 23 1924"
image_8.png,"Meeting @ Chicago, Dec. 29-27, 1926 "
image_9.png,"Meeting at the University of Pennsylvania, Dec. 28-30, 1926"
image_10.png,"Meeting @ Washington, April 22 -23, 1927"
image_11.png,"Joint Meeting with the Optical Society of America @ New York City, Feb. 25-26, 1928"
image_12.png,"Joint Meeting with the Optical Society of America @ New York City, Feb. 24-25, 1928"
image_13.png,"Meeting @ Washington, April 20-21, 1928"
image_14.png,"Meeting @ Pomona College, June 15,1928"
image_15.png,"Joint Meeting with the Optical Society of America @ New York City, Feb. 22-23, 1929"
image_16.png,"Meeting @ Stanford University,  December 7, 1929"
image_17.png,"Meeting @ Washington, April 24-26, 1930"
image_18.png,"Meeting @ Washington, April 24-26, 1930"
image_19.png,"Meeting @ Washington, April 24-26, 1930"
image_20.png,"Meeting @ Cornell, Ithaca, NY, June 19-21, 1930"
image_21.png,"Meeting @ Eugene, OR,  June 19-20, 1930"
image_22.png,"Meeting @ Los Angeles, CA, Dec. 12-13, 1930"
image_23.png,"Meeting @ Cleveland, Dec. 30-31, 1930"
image_24.png,"Meeting @ Cleveland, Dec. 30-31, 1930"
image_25.png,"Joint Meeting with the Optical Society of America @ New York City, Feb. 26-28, 1931 "
image_26.png,"Joint Meeting with the Optical Society of America @ New York City, Feb. 26-28, 1931 "
image_27.png,"Meeting @ Washington, April 30 – May 2, 1931"
image_28.png,"Meeting @ Washington, April 30 – May 2, 1931"
image_29.png,"Meeting @ Washington, April 30 – May 2, 1931"
image_30.png,"Meeting @ Washington, April 30 – May 2, 1931"
image_31.png,"Meeting @ Washington, April 30 – May 2, 1931"
image_32.png,"Joint meeting with Section B of AAAS @ Pasadena, June 15-20, 1931"
image_33.png,"Joint meeting with Section B of AAAS @ Pasadena, June 15-20, 1931"
image_34.png,"Meeting @ Chicago, Nov. 27-29, 1931"
image_35.png,"Meeting @ Cambridge, MA, Feb. 25-27, 1932"
image_36.png,"Meeting @ Cambridge, MA, Feb. 25-27, 1932"
image_37.png,"Meeting @ Cambridge, MA, Feb. 25-27, 1932"
image_38.png,"Meeting @ Washington, April 28-30, 1932"
image_39.png,"Meeting @ Washington, April 28-30, 1932"
image_40.png,"Meeting at New Haven, June 23-25, 1932"
image_41.png,"Meeting at New Haven, June 23-25, 1932"
image_42.png,"Meeting at New Haven, June 23-25, 1932"
image_43.png,"Meeting @ Atlantic City, NJ, Dec. 28-30, 1932"
image_44.png,"Meeting @ Atlantic City, NJ, Dec. 28-30, 1932"
image_45.png,"Meeting @ Atlantic City, NJ, Dec. 28-30, 1932"
image_46.png,"Meeting @ Washington, April 27-29, 1933"
image_47.png,"Meeting @ Washington, April 27-29, 1933"
image_48.png,"Meeting @ Washington, April 27-29, 1933"
image_49.png,"Joint meeting with AAAS Section B @ Chicago, June 19-24, 1933"
image_50.png,"Meeting at Cincinnati, Dec. 1-2, 1933"
image_51.png,"Meeting at Cincinnati, Dec. 1-2, 1933"
image_52.png,"Meeting at Cincinnati, Dec. 1-2, 1933"
image_53.png,"Meeting at Cincinnati, Dec. 1-2, 1933"
image_54.png,"Meeting at Cincinnati, Dec. 1-2, 1933"
image_55.png,"Meeting  @ New York City,  Feb. 23-24, 1934"
image_56.png,"Meeting of the New England Section, Cambridge, MA, March 17, 1934"
image_57.png,"Meeting @ Berkeley, June 18-23, 1934"
image_58.png,"Meeting in St. Louis, Nov. 30 – Dec. 1 1934"
image_59.png,"1934 Annual Meeting, Pittsburgh, PA, Dec. 27-29, 1934"
image_60.png,"Meeting @ Columbia University, Feb. 22 -23, 1935"
image_61.png,"Meeting @ Baltimore, MD, Nov. 29 -30 1935"
image_62.png,"Annual Meeting @ St. Louis, MO, Dec. 31, 1935 - Jan. 2, 1936"
image_63.png,"Meeting of the New England Section @ Cambridge, Feb. 1, 1936"
image_64.png,"Meeting @ New York City, Feb. 21-22, 1936"
image_65.png,"Meeting @ New York City, Feb. 21-22, 1936"
image_66.png,"Meeting @ New York City, Feb. 21-22, 1936"
image_67.png,"Meeting @ Washington, April 30 – May 2, 1936"
image_68.png,"Meeting @ Washington, April 30 – May 2, 1936"
image_69.png,"Meeting @ Rochester,   June 22-23, 1936"
image_70.png,"Meeting @ New York City,  October 29-30, 1936"
image_71.png,"Meeting @ New York City,  October 29-30, 1936"
image_72.png,"Meeting @ Atlantic City, December 28-30, 1936"
image_73.png,"Meeting @ Atlantic City, December 28-30, 1936"
image_74.png,"Meeting @ Atlantic City, December 28-30, 1936"
image_75.png,"Meeting @ Atlantic City, December 28-30, 1936"
image_76.png,"Meeting @ Atlantic City, December 28-30, 1936"
image_77.png,"Meeting and Durham and Chapel Hill, Feb 19-20, 1937"
image_78.png,"Meeting @ Washington, April 29 - May 1, 1937"
image_79.png,"Meeting at the University of Wisconsin, June 22-23, 1937"
image_80.png,"Meeting at the University of Wisconsin, June 22-23, 1937"
image_81.png,"Meeting at the University of Wisconsin, June 22-23, 1937"
image_82.png,"1937 Annual  Meeting @ Indianapolis, IN, Dec 28-29, 1937"
image_83.png,"Meeting @  New York City,  Feb. 25-26, 1938"
image_84.png,"Meeting @ Washington, April 28-30, 1938"
image_85.png,"Meeting @ Washington, April 28-30, 1938"
image_86.png,"Meeting @ Washington, April 28-30, 1938"
image_87.png,"Meeting @ Washington, April 28-30, 1938"
image_88.png,"Meeting @ San Diego, CA, June 22-24, 1938"
image_89.png,"Meeting @ San Diego, CA, June 22-24, 1938"
image_90.png,"Meeting @ San Diego, CA, June 22-24, 1938"
image_91.png,"Meeting @ Mount Holyoke College, October 15, 1938"
image_92.png,"Meeting @ Chicago, Nov. 25-26, 1938"
image_93.png,"Meeting @ Washington, December 27-29, 1938"
image_94.png,"Meeting @ New York City,  Feb 23-25, 1939"
image_95.png,"Meeting @ New York City,  Feb 23-25, 1939"
image_96.png,"Meeting @ New York City,  Feb 23-25, 1939"
image_97.png,"Meeting @ New York City,  Feb 23-25, 1939"
image_98.png,"Meeting @ Washington, April 27-29, 1939"
image_99.png,"Meeting @ Washington, April 27-29, 1939"
image_100.png,"Meeting @ Washington, April 27-29, 1939"
image_101.png,"Meeting of the Southeastern Section @ UGA, March 31 and April 1, 1939"
image_102.png,"Meeting of the Southeastern Section @ UGA, March 31 and April 1, 1939"
image_103.png,"Meeting of the Southeastern Section @ UGA, March 31 and April 1, 1939"
image_104.png,"Meeting of the Southeastern Section @ UGA, March 31 and April 1, 1939"
image_105.png,"Meeting of the Southeastern Section @ UGA, March 31 and April 1, 1939"
image_106.png,"Meeting @ Berkeley, December 22-23, 1939"
image_107.png,"Meeting @ Berkeley, December 22-23, 1939"
image_108.png,"Meeting @ Berkeley, December 22-23, 1939"
image_109.png,"Meeting of the Southeastern Section @ the Citadel, Charleston, SC, March 22-23, 1940"
image_110.png,"Meeting of the Southeastern Section @ the Citadel, Charleston, SC, March 22-23, 1940"
image_111.png,"Meeting @ Washington, April 25-27, 1940"
image_112.png,"Meeting @ Washington, April 25-27, 1940"
image_113.png,"Meeting @ Caltech, Pasadena, CA, Dec. 20-21, 1940"
image_114.png,"Meeting @ Caltech, Pasadena, CA, Dec. 20-21, 1940"
image_115.png,"Meeting at Philadelphia, PA, December 26—28, 1940"
image_116.png,"Meeting at Philadelphia, PA, December 26—28, 1940"
image_117.png,"Meeting at Cambridge, MA, Feb. 21-22, 1941"
image_118.png,"Meeting of the Southeastern Section @ Vanderbilt, April 4-5, 1941"
image_119.png,"Meeting at Pasadena, CA, June 18—20, 1941"
image_120.png,"Meeting @ Chicago, Nov 21 -22, 1941"
image_121.png,"Meeting @ Chicago, Nov 21 -22, 1941"
image_122.png,"Midwinter Meeting of the Ohio Section @ Detroit and Ann Arbor,  Feb 20-21, 1942"
image_123.png,"Midwinter Meeting of the Ohio Section @ Detroit and Ann Arbor,  Feb 20-21, 1942"
image_124.png,"Meeting of the Ohio Section @ Columbus, Nov. 14, 1942"
image_125.png,"Thanksgiving Meeting @ Chicago,  Nov. 27-28, 1942"
image_126.png,"Meeting @ State College, PA, June 18-19, 1943"
image_127.png,"Meeting @ Stanford University, July 10, 1943"
image_128.png,"Meeting @ Caltech, Pasadena, CA, Dec. 27, 1943"
image_129.png,"Meeting @ Columbia University, Jan 14-15, 1944"
image_130.png,"Meeting @ Pittsburgh,  April 28 – 29, 1944"
image_131.png,"Meeting of the Southeastern Section @ Atlanta, May 5-6, 1944"
image_132.png,"Meeting @ Rochester,  June 23 – 24, 1944"
image_133.png,"Meeting @ Chicago, Dec. 1 -2, 1944"
image_134.png,"Meeting @ Columbus, Ohio, June 15 – 16, 1945"
image_135.png,"Meeting @ Stanford University, July 14, 1945"
image_136.png,"Meeting of the Metropolitan Section @ Columbia, Nov. 9-10, 1945"
image_137.png,"Meeting @ Washington University, St. Lous, MO, Nov. 30 – Dec. 1, 1945"
image_138.png,"1945 Annual Meeting @ Columbia, Jan 24-26, 1946"
image_139.png,"Meeting of the Southeastern Section @ Atlanta, GA, April 12-13, 1946"
image_140.png,"Meeting @ Cambridge, MA,  April 25 -27,  1946"
image_141.png,"Meeting @ Chicago,  June 20 -22,  1946"
image_142.png,"Meeting @ Columbia University, Jan. 30 – Feb. 7, 1947"
image_143.png,"Spring Meeting @ Washington, May 1-3, 1947"
image_144.png,"1947 Meeting @ Montreal, June 19-21, 1947"
image_145.png,"Meeting @ the University of Chicago, December 29 -31, 1947"
image_146.png,"Annual Meeting @ Columbia University, Jan. 29 – 31,  1948"
image_147.png,"Spring Meeting @ Washington, April 29 – May 1, 1948"
image_148.png,"Summer Meeting in the East @ University of Wisconsin, Madison, WI, June 21 – 23, 1948"
image_149.png,"Thanksgiving Meeting @ Chicago, Nov. 26-27, 1948 "
image_150.png,"1948 Annual Meeting @ Columbia, Jan. 26-29, 1949"
image_151.png,"Meeting @ Berkeley, Feb. 3-5, 1949"
image_152.png,"Spring Meeting @ Washington, April 28-30, 1949"
image_153.png,"Semi-Centennial Meeting @ Cambridge, MA, June 16-18, 1949"
image_154.png,"Annual Meeting @ New York City, Feb. 2-4, 1950"
image_155.png,"Annual Meeting @ New York City, Feb. 2-4, 1950"
image_156.png,"Annual Meeting @ New York City, Feb. 2-4, 1950"
image_157.png,"Annual Meeting @ New York City, Feb. 2-4, 1950"
image_158.png,"Annual Meeting @ New York City, Feb. 2-4, 1950"
image_159.png,"Meeting of the Southeastern Section at LSU, April 7-8, 1950."
image_160.png,"Spring Meeting @ Washington, April 27-29, 1950"
image_161.png,"Spring Meeting @ Washington, April 27-29, 1950"
image_162.png,"1950 Annual Meeting, Columbia University, Feb 1-3, 1951"
image_163.png,"1950 Annual Meeting, Columbia University, Feb 1-3, 1951"
image_164.png,"1950 Annual Meeting, Columbia University, Feb 1-3, 1951"
image_165.png,"1950 Annual Meeting, Columbia University, Feb 1-3, 1951"
image_166.png,"1950 Annual Meeting, Columbia University, Feb 1-3, 1951"
image_167.png,"1950 Annual Meeting, Columbia University, Feb 1-3, 1951"
image_168.png,"Joint Meeting of the New England Section and the New York State Section at Rensselaer Polytechnic Institute, Troy, New York, April 6—7, 1951"
image_169.png,"Summer Meeting in the East @ Schenectady, NY, June 14-16, 1951"
image_170.png,"1951 Annual Meeting @ Columbia, Feb 1-2, 1952"
image_171.png,"1951 Annual Meeting @ Columbia, Feb 1-2, 1952"
image_172.png,"1951 Annual Meeting @ Columbia, Feb 1-2, 1952"
image_173.png,"1951 Annual Meeting @ Columbia, Feb 1-2, 1952"
image_174.png,"1951 Annual Meeting @ Columbia, Feb 1-2, 1952"
image_175.png,"Columbus Meeting @ Ohio State University, March 20-22, 1952"
image_176.png,"Columbus Meeting @ Ohio State University, March 20-22, 1952"
image_177.png,"Columbus Meeting @ Ohio State University, March 20-22, 1952"
image_178.png,"Columbus Meeting @ Ohio State University, March 20-22, 1952"
image_179.png,"Columbus Meeting @ Ohio State University, March 20-22, 1952"
image_180.png,"Washington Meeting, May 1-3, 1952"
image_181.png,"Washington Meeting, May 1-3, 1952"
image_182.png,"Washington Meeting, May 1-3, 1952"
image_183.png,"Washington Meeting, May 1-3, 1952"
image_184.png,"Denver Meeting, June 30, July 1-3, 1952"
image_185.png,"Annual Meeting @ Harvard, Jan 22-24, 1953 "
image_186.png,"Annual Meeting @ Harvard, Jan 22-24, 1953 "
image_187.png,"Annual Meeting @ Harvard, Jan 22-24, 1953 "
image_188.png,"Annual Meeting @ Harvard, Jan 22-24, 1953 "
image_189.png,"Annual Meeting @ Harvard, Jan 22-24, 1953 "
image_190.png,"Annual Meeting @ Harvard, Jan 22-24, 1953 "
image_191.png,"North Carolina Meeting @  Durham and Chapel Hill,  March 26-28, 1953"
image_192.png,"Washington Meeting, May 1-2, 1953"
image_193.png,"Washington Meeting, May 1-2, 1953"
image_194.png,"Washington Meeting, May 1-2, 1953"
image_195.png,"Washington Meeting, May 1-2, 1953"
image_196.png,"Washington Meeting, May 1-2, 1953"
image_197.png,"Washington Meeting, May 1-2, 1953"
image_198.png,"Washington Meeting, May 1-2, 1953"
image_199.png,"Spring Meeting of the New York State Section @ Schenectady, April 10-11, 1953"
image_200.png,"     Winter Meeting at Stanford University, Dec 28-30, 1953"
image_201.png,"Autumn Meeting of the New York State Section @ Poughskeepsie, Oct. 16-17, 1953"
image_202.png,"March Meeting @ Detroit and Ann Arbor, March 18-20, 1954"
image_203.png,"Meeting of the Southeastern Section @ University of Tennessee, April 1-3, 1954"
image_204.png,"Meeting of the Southeastern Section @ University of Tennessee, April 1-3, 1954"
image_205.png,"Meeting of the Southeastern Section @ University of Tennessee, April 1-3, 1954"
image_206.png,"Meeting of the Southeastern Section @ University of Tennessee, April 1-3, 1954"
image_207.png,"Spring Meeting @ Washington, April 29 – May 1, 1954"
image_208.png,"1955 Annual Meeting @ New York City, Jan. 27-29, 1955"
image_209.png,"1955 Annual Meeting @ New York City, Jan. 27-29, 1955"
image_210.png,"March Meeting @ Baltimore, March 17-19, 1955"
image_211.png,"Fall Meeting of the New England Section @ Yale University, Nov. 12,1955"
image_212.png,"Annual Meeting @ New York City, Jan 30 – Feb 3, 1956"
image_213.png,"Southwestern Meeting @ Rice Institute, Houston, TX,  Feb. 24-25, 1956"
image_214.png,"Spring Meeting @Washington,  April 26-28  1956"
image_215.png,"Spring Meeting @Washington,  April 26-28  1956"
image_216.png,"Spring Meeting @Washington,  April 26-28  1956"
image_217.png,"Spring Meeting @Washington,  April 26-28  1956"
image_218.png,"Spring Meeting @Washington,  April 26-28  1956"
image_219.png,"Spring Meeting @Washington,  April 26-28  1956"
image_220.png,"Spring Meeting @Washington,  April 26-28  1956"
image_221.png,"Spring Meeting @Washington,  April 26-28  1956"
image_222.png,"Spring Meeting @Washington,  April 26-28  1956"
image_223.png,"Spring Meeting @Washington,  April 26-28  1956"
image_224.png,"Spring Meeting @Washington,  April 26-28  1956"
image_225.png,"Summer Meeting in the West @ Eugene, Oregon, June 21-23,  1956"
image_226.png,"Summer Meeting in the West @ Eugene, Oregon, June 21-23,  1956"
image_227.png,"Summer Meeting in the West @ Eugene, Oregon, June 21-23,  1956"
image_228.png,"Summer Meeting in the West @ Eugene, Oregon, June 21-23,  1956"
image_229.png,"Summer Meeting in the West @ Eugene, Oregon, June 21-23,  1956"
image_230.png,"Summer Meeting in the West @ Eugene, Oregon, June 21-23,  1956"
image_231.png,"Summer Meeting in the West @ Eugene, Oregon, June 21-23,  1956"
image_232.png,"Summer Meeting in the West @ Eugene, Oregon, June 21-23,  1956"
image_233.png,"Thanksgiving Meeting @ Chicago, November 23-24,  1956"
image_234.png,"Summer Meeting in the East @ Notre Dame, IN, June 20-22,  1957"
image_235.png,"Summer Meeting in the East @ Notre Dame, IN, June 20-22,  1957"
image_236.png,"Summer Meeting in the East @ Notre Dame, IN, June 20-22,  1957"
image_237.png,"Summer Meeting in the East @ Notre Dame, IN, June 20-22,  1957"
image_238.png,"Summer Meeting in the East @ Notre Dame, IN, June 20-22,  1957"
image_239.png,"Fall Meeting of the New England Section, Bowdoin College, Brunswick, ME, Oct 19, 1957"
image_240.png,"Winter Meeting on the West Coast, Stanford University, Dec 19-21 1957"
image_241.png,"March Meeting @ Chicago, March 27-29 (1958)"
image_242.png,"Annual Meeting @ New York City, Jan 28-31, 1959"
image_243.png,"March Meeting @ Cambridge, MA, March 30 -April 2, 1959"
image_244.png,"March Meeting @ Detroit, MI, March 21 – 24, 1960"
image_245.png,"Spring Meeting @ Washington, April 25 – 28, 1960"
image_246.png,"Thanksgiving Meeting @ Chicago,  November 25 -26,  1960"
image_247.png,"Winter Meeting in the West @ Berkeley, CA, December 29 – 31,  1960"
image_248.png,"Spring Meeting of the Ohio Section @ University of Cincinnati, April 21-22, 1961"
image_249.png,"Spring Meeting @  Washington, April 24-27 1961"
image_250.png,"Thanksgiving Meeting @ Chicago, Dec. 24-25, 1961"
image_251.png,"Thanksgiving Meeting @ Chicago, Dec. 24-25, 1961"
image_252.png,"Southeast Section Meeting at Florida State University, April 5-7, 1962"
image_253.png,"Summer Meeting in the West, Seattle, WA, August 27-29, 1962"
image_254.png,"Winter Meeting in the West, Stanford, CA, December 27-29, 1962"
image_255.png,"March Meeting in St. Louis,  March 25-28, 1963"
image_256.png,"March Meeting in St. Louis,  March 25-28, 1963"
image_257.png,"March Meeting in St. Louis,  March 25-28, 1963"
image_258.png,"Spring Meeting in Washington, DC, April 22-25, 1963"
image_259.png,"Summer  Meeting in the East, Buffalo, NY,  June 24-26,  1963"
image_260.png,"Summer  Meeting in the East, Buffalo, NY,  June 24-26,  1963"
image_261.png,"Spring Meeting of the New York Section, Union College, April 18, 1963"
image_262.png,"Annual Meeting of the Division of Fluid Dynamics, November 25 – 27, 1963"
image_263.png,"Annual Meeting of the Division of Fluid Dynamics, November 25 – 27, 1963"
image_264.png,"Annual Meeting of the Division of Fluid Dynamics, November 25 – 27, 1963"
image_265.png,"Annual Meeting of the Division of Fluid Dynamics, November 25 – 27, 1963"
image_266.png,"Annual Meeting of the Division of Fluid Dynamics, November 25 – 27, 1963"
image_267.png,"Annual Meeting of the Division of Fluid Dynamics, November 25 – 27, 1963"
image_268.png," March Meeting in Philadelphia, March 23-26, 1964"
image_269.png," March Meeting in Philadelphia, March 23-26, 1964"
image_270.png," March Meeting in Philadelphia, March 23-26, 1964"
image_271.png," March Meeting in Philadelphia, March 23-26, 1964"
image_272.png," March Meeting in Philadelphia, March 23-26, 1964"
image_273.png," March Meeting in Philadelphia, March 23-26, 1964"
image_274.png," Spring Meeting of the New England Section, Waltham, MA,  April 4, 1964"
image_275.png," Spring Meeting of the New England Section, Waltham, MA,  April 4, 1964"
image_276.png,"Spring Meeting in Washington, DC, April 27-30, 1964"
image_277.png,"Spring Meeting in Washington, DC, April 27-30, 1964"
image_278.png,"Spring Meeting in Washington, DC, April 27-30, 1964"
image_279.png," Autumn Meeting in Chicago, IL, October 23-24, 1964"
image_280.png,"Fall Meeting of the Southeastern Section, Chattanooga, TN,  November 5-7, 1964"
image_281.png,"Fall Meeting of the Southeastern Section, Chattanooga, TN,  November 5-7, 1964"
image_282.png,"Fall Meeting of the Southeastern Section, Chattanooga, TN,  November 5-7, 1964"
image_283.png,"Fall Meeting of the Ohio Section,  November 6-7, 1964"
image_284.png,"Annual Meeting of the Division of Fluid Dynamics,  November 23-25, 1964"
image_285.png,"Annual Meeting of the Division of Fluid Dynamics,  November 23-25, 1964"
image_286.png,"Annual Meeting in New York City, January 27-30, 1965"
image_287.png,"March Meeting in Kansas City, MO, March 24-27, 1965"
image_288.png,"March Meeting in Kansas City, MO, March 24-27, 1965"
image_289.png,"March Meeting in Kansas City, MO, March 24-27, 1965"
image_290.png,"March Meeting in Kansas City, MO, March 24-27, 1965"
image_291.png,"Spring Meeting of the Ohio Section, Ohio University, April 23-25,  1965"
image_292.png,"Spring Meeting of the Ohio Section, Ohio University, April 23-25,  1965"
image_293.png,"Summer Meeting in the West, Honolulu, HI, September 2-5,1965"
image_294.png,"Summer Meeting in the West, Honolulu, HI, September 2-5,1965"
image_295.png,"Fall Meeting of the Southeastern Section, Charlottesville, VA, November 1-3,  1965"
image_296.png,"Fall Meeting of the Southeastern Section, Charlottesville, VA, November 1-3,  1965"
image_297.png,"Fall Meeting of the Southeastern Section, Charlottesville, VA, November 1-3,  1965"
image_298.png,"Fall Meeting of the Southeastern Section, Charlottesville, VA, November 1-3,  1965"
image_299.png,"Fall Meeting of the Southeastern Section, Charlottesville, VA, November 1-3,  1965"
image_300.png,"Fall Meeting of the Southeastern Section, Charlottesville, VA, November 1-3,  1965"
image_301.png,"Fall Meeting of the Southeastern Section, Charlottesville, VA, November 1-3,  1965"
image_302.png,"Fall Meeting of the Ohio Section, Dayton, OH, November 12-13,  1965"
image_303.png,"Annual  Meeting of the Division of Fluid Dynamics, Cleveland, OH,  November 22-24,  1965"
image_304.png,"Annual  Meeting of the Division of Fluid Dynamics, Cleveland, OH,  November 22-24,  1965"
image_305.png,"Annual  Meeting of the Division of Fluid Dynamics, Cleveland, OH,  November 22-24,  1965"
image_306.png,"Annual  Meeting of the Division of Fluid Dynamics, Cleveland, OH,  November 22-24,  1965"
image_307.png,"Winter Meeting in the West, UCLA,  December 20-22, 1965"
image_308.png,"Annual Meeting in New York City, January 26-29, 1966"
image_309.png,"Summer Meeting in Mexico City,  August 29-31, 1966"
image_310.png,"Summer Meeting in Mexico City,  August 29-31, 1966"
image_311.png,"Autumn Meeting in Nashville, TN,   December 1-3, 1966"
image_312.png,"Autumn Meeting in Nashville, TN,   December 1-3, 1966"
image_313.png,"Autumn Meeting in Nashville, TN,   December 1-3, 1966"
image_314.png,"Summer Meeting in the East, Toronto,  June 21-23, 1967"
image_315.png,"Summer Meeting in the East, Toronto,  June 21-23, 1967"
image_316.png,"Summer Meeting in the East, Toronto,  June 21-23, 1967"
image_317.png,"Summer Meeting in the East, Toronto,  June 21-23, 1967"
image_318.png,"Summer Meeting in the East, Toronto,  June 21-23, 1967"
image_319.png,"Summer Meeting in the East, Toronto,  June 21-23, 1967"
image_320.png,"Summer Meeting in the East, Toronto,  June 21-23, 1967"
image_321.png,"Summer Meeting in the East, Toronto,  June 21-23, 1967"
image_322.png,"Fall Meeting of the New England Section, Lewiston, ME,  October 20-21, 1967"
image_323.png,"Fall Meeting of the New England Section, Lewiston, ME,  October 20-21, 1967"
image_324.png,"Fall Meeting of the New England Section, Lewiston, ME,  October 20-21, 1967"
image_325.png,"Fall Meeting of the Southeastern Section, Clemson University, November 2-4, 1967"
image_326.png,"Spring Meeting in Boston, MA, February 26-28, 1968"
image_327.png,"March Meeting in Berkeley, CA, March 18-21,  1968"
image_328.png,"March Meeting in Berkeley, CA, March 18-21,  1968"
image_329.png,"March Meeting in Berkeley, CA, March 18-21,  1968"
image_330.png,"March Meeting in Berkeley, CA, March 18-21,  1968"
image_331.png,"Spring Meeting in Washington, April 22-25,  1968"
image_332.png,"Meeting in the Southwest, Los Alamos, June 17-19,  1968"
image_333.png,"Annual Meeting in New York City,  February 3-6, 1969"
image_334.png,"March Meeting in Philadelphia,  March 24-27, 1969"
image_335.png,"March Meeting in Philadelphia,  March 24-27, 1969"
image_336.png,"March Meeting in Philadelphia,  March 24-27, 1969"
image_337.png,"Fall Meeting of the Ohio Section, Batelle Laboratories, Columbus, OH, October 17-18, 1969"
image_338.png,"Fall Meeting of the Southeast Section, University of Florida, November 6-8, 1969"
image_339.png,"Annual Meeting in Chicago,   January 26-29, 1970"
image_340.png,"March Meeting in Dallas, TX,  March 23-26, 1970 "
image_341.png,"March Meeting in Dallas, TX,  March 23-26, 1970 "
image_342.png,"March Meeting in Dallas, TX,  March 23-26, 1970 "
image_343.png,"March Meeting in Dallas, TX,  March 23-26, 1970 "
image_344.png,"March Meeting in Dallas, TX,  March 23-26, 1970 "
image_345.png,"March Meeting in Dallas, TX,  March 23-26, 1970 "
image_346.png,"March Meeting in Dallas, TX,  March 23-26, 1970 "
image_347.png,"March Meeting in Dallas, TX,  March 23-26, 1970 "
image_348.png,"March Meeting in Dallas, TX,  March 23-26, 1970 "
image_349.png,"March Meeting in Dallas, TX,  March 23-26, 1970 "
image_350.png,"March Meeting in Dallas, TX,  March 23-26, 1970 "
image_351.png,"March Meeting in Dallas, TX,  March 23-26, 1970 "
image_352.png,"March Meeting in Dallas, TX,  March 23-26, 1970 "
image_353.png,"March Meeting in Dallas, TX,  March 23-26, 1970 "
image_354.png,"March Meeting in Dallas, TX,  March 23-26, 1970 "
image_355.png,"March Meeting in Dallas, TX,  March 23-26, 1970 "
image_356.png,"April Meeting in Washington, DC, April 27-30, 1970 "
image_357.png,"April Meeting in Washington, DC, April 27-30, 1970 "
image_358.png,"Fall Meeting of the New York State Section, Canisius College, October 3-4, 1970 "
image_359.png,"Meeting of the Division of Nuclear Physics, Houston, TX, October 15-17, 1970"
image_360.png,"Annual Meeting of the New England Section, University of Maine, October 16-17, 1970"
image_361.png,"Winter Meeting in New Orleans, November 23-25, 1970 "
image_362.png,"Winter Meeting in New Orleans, November 23-25, 1970 "
image_363.png,"Winter Meeting in New Orleans, November 23-25, 1970 "
image_364.png,"Winter Meeting in New Orleans, November 23-25, 1970 "
image_365.png,"Winter Meeting in New Orleans, November 23-25, 1970 "
image_366.png,"Winter Meeting in New Orleans, November 23-25, 1970 "
image_367.png,"Winter Meeting in New Orleans, November 23-25, 1970 "
image_368.png,"Winter Meeting in New Orleans, November 23-25, 1970 "
image_369.png,"Winter Meeting in New Orleans, November 23-25, 1970 "
image_370.png,"Winter Meeting in New Orleans, November 23-25, 1970 "
image_371.png,"Winter Meeting in New Orleans, November 23-25, 1970 "
image_372.png,"Winter Meeting in New Orleans, November 23-25, 1970 "
image_373.png,"Winter Meeting in New Orleans, November 23-25, 1970 "
image_374.png,"Winter Meeting in New Orleans, November 23-25, 1970 "
image_375.png,"Winter Meeting in New Orleans, November 23-25, 1970 "
image_376.png,"Winter Meeting in New Orleans, November 23-25, 1970 "
image_377.png,"Winter Meeting in New Orleans, November 23-25, 1970 "
image_378.png,"Winter Meeting in New Orleans, November 23-25, 1970 "
image_379.png,"Winter Meeting in New Orleans, November 23-25, 1970 "
image_380.png,"Winter Meeting in New Orleans, November 23-25, 1970 "
image_381.png,"Annual Meeting of the Division of Fluid Dynamics, University of Virginia, Nov. 23-25, 1970 "
image_382.png,"Annual Meeting of the Division of Fluid Dynamics, University of Virginia, Nov. 23-25, 1970 "
image_383.png,"Annual Meeting of the Division of Fluid Dynamics, University of Virginia, Nov. 23-25, 1970 "
image_384.png,"Annual Meeting of the Division of Fluid Dynamics, University of Virginia, Nov. 23-25, 1970 "
image_385.png,"Annual Meeting of the Division of Fluid Dynamics, University of Virginia, Nov. 23-25, 1970 "
image_386.png,"Winter Meeting in the West, Stanford, CA,   December 28-30, 1970"
image_387.png,"Winter Meeting in the West, Stanford, CA,   December 28-30, 1970"
image_388.png,"Annual Meeting in New York City,  February 1-4, 1971"
image_389.png,"Annual Meeting in New York City,  February 1-4, 1971"
image_390.png,"Annual Meeting in New York City,  February 1-4, 1971"
image_391.png,"Annual Meeting in New York City,  February 1-4, 1971"
image_392.png,"March Meeting in Cleveland, OH,  March 29 – April 1, 1971"
image_393.png,"March Meeting in Cleveland, OH,  March 29 – April 1, 1971"
image_394.png,"March Meeting in Cleveland, OH,  March 29 – April 1, 1971"
image_395.png,"March Meeting in Cleveland, OH,  March 29 – April 1, 1971"
image_396.png,"March Meeting in Cleveland, OH,  March 29 – April 1, 1971"
image_397.png,"March Meeting in Cleveland, OH,  March 29 – April 1, 1971"
image_398.png,"Annual Meeting in Washington, DC, April 26-29 (1971)"
image_399.png,"Annual Meeting in Washington, DC, April 26-29 (1971)"
image_400.png,"Meeting of the New England Section, Yale University, October 15-16, 1971"
image_401.png,"Fall Meeting of the Division of Nuclear Physics, Tuscon, AZ, November 4-6, (1971)"
image_402.png,"Fall Meeting of the Division of Nuclear Physics, Tuscon, AZ, November 4-6, (1971)"
image_403.png,"Fall Meeting of the Division of Nuclear Physics, Tuscon, AZ, November 4-6, (1971)"
image_404.png,"Fall Meeting of the Division of Nuclear Physics, Tuscon, AZ, November 4-6, (1971)"
image_405.png,"Fall Meeting of the Division of Nuclear Physics, Tuscon, AZ, November 4-6, (1971)"
image_406.png,"Fall Meeting of the Division of Nuclear Physics, Tuscon, AZ, November 4-6, (1971)"
image_407.png,"Fall Meeting of the Division of Nuclear Physics, Tuscon, AZ, November 4-6, (1971)"
image_408.png,"Meeting of the Southeastern Section, University of South Carolina, November 4-6 1971"
image_409.png,"Meeting of the Southeastern Section, University of South Carolina, November 4-6 1971"
image_410.png,"Meeting of the Division of Fluid Dynamics, San Diego, CA, November 22-24, (1971)"
image_411.png,"Meeting of the Division of Fluid Dynamics, San Diego, CA, November 22-24, (1971)"
image_412.png,"Meeting of the Division of Fluid Dynamics, San Diego, CA, November 22-24, (1971)"
image_413.png,"Winter Meeting in Cambridge, MA,  December 27-29, (1971)"
image_414.png,"Winter Meeting in Cambridge, MA,  December 27-29, (1971)"
image_415.png,"Winter Meeting in Cambridge, MA,  December 27-29, (1971)"
image_416.png,"Winter Meeting in Cambridge, MA,  December 27-29, (1971)"
image_417.png,"Winter Meeting in Cambridge, MA,  December 27-29, (1971)"
image_418.png,"Winter Meeting in Cambridge, MA,  December 27-29, (1971)"
image_419.png,"Winter Meeting in Cambridge, MA,  December 27-29, (1971)"
image_420.png,"Winter Meeting in Cambridge, MA,  December 27-29, (1971)"
image_421.png,"Annual Meeting in San Francisco,  January 31-February 3, 1972"
image_422.png,"Annual Meeting in San Francisco,  January 31-February 3, 1972"
image_423.png,"Annual Meeting in San Francisco,  January 31-February 3, 1972"
image_424.png,"Annual Meeting in San Francisco,  January 31-February 3, 1972"
image_425.png,"March Meeting in Atlantic City,  March 27-30, 1972"
image_426.png,"March Meeting in Atlantic City,  March 27-30, 1972"
image_427.png,"March Meeting in Atlantic City,  March 27-30, 1972"
image_428.png,"March Meeting in Atlantic City,  March 27-30, 1972"
image_429.png,"March Meeting in Atlantic City,  March 27-30, 1972"
image_430.png,"March Meeting in Atlantic City,  March 27-30, 1972"
image_431.png,"March Meeting in Atlantic City,  March 27-30, 1972"
image_432.png,"March Meeting in Atlantic City,  March 27-30, 1972"
image_433.png,"March Meeting in Atlantic City,  March 27-30, 1972"
image_434.png,"March Meeting in Atlantic City,  March 27-30, 1972"
image_435.png,"March Meeting in Atlantic City,  March 27-30, 1972"
image_436.png,"March Meeting in Atlantic City,  March 27-30, 1972"
image_437.png,"March Meeting in Atlantic City,  March 27-30, 1972"
image_438.png,"March Meeting in Atlantic City,  March 27-30, 1972"
image_439.png,"March Meeting in Atlantic City,  March 27-30, 1972"
image_440.png,"March Meeting in Atlantic City,  March 27-30, 1972"
image_441.png,"March Meeting in Atlantic City,  March 27-30, 1972"
image_442.png,"March Meeting in Atlantic City,  March 27-30, 1972"
image_443.png,"March Meeting in Atlantic City,  March 27-30, 1972"
image_444.png,"March Meeting in Atlantic City,  March 27-30, 1972"
image_445.png,"March Meeting in Atlantic City,  March 27-30, 1972"
image_446.png,"March Meeting in Atlantic City,  March 27-30, 1972"
image_447.png,"March Meeting in Atlantic City,  March 27-30, 1972"
image_448.png,"March Meeting in Atlantic City,  March 27-30, 1972"
image_449.png,"March Meeting in Atlantic City,  March 27-30, 1972"
image_450.png,"March Meeting in Atlantic City,  March 27-30, 1972"
image_451.png,"March Meeting in Atlantic City,  March 27-30, 1972"
image_452.png,"March Meeting in Atlantic City,  March 27-30, 1972"
image_453.png,"March Meeting in Atlantic City,  March 27-30, 1972"
image_454.png,"March Meeting in Atlantic City,  March 27-30, 1972"
image_455.png,"March Meeting in Atlantic City,  March 27-30, 1972"
image_456.png,"March Meeting in Atlantic City,  March 27-30, 1972"
image_457.png,"March Meeting in Atlantic City,  March 27-30, 1972"
image_458.png,"March Meeting in Atlantic City,  March 27-30, 1972"
image_459.png,"March Meeting in Atlantic City,  March 27-30, 1972"
image_460.png,"March Meeting in Atlantic City,  March 27-30, 1972"
image_461.png,"March Meeting in Atlantic City,  March 27-30, 1972"
image_462.png,"March Meeting in Atlantic City,  March 27-30, 1972"
image_463.png,"March Meeting in Atlantic City,  March 27-30, 1972"
image_464.png,"March Meeting in Atlantic City,  March 27-30, 1972"
image_465.png,"March Meeting in Atlantic City,  March 27-30, 1972"
image_466.png,"March Meeting in Atlantic City,  March 27-30, 1972"
image_467.png,"March Meeting in Atlantic City,  March 27-30, 1972"
image_468.png,"March Meeting in Atlantic City,  March 27-30, 1972"
image_469.png,"March Meeting in Atlantic City,  March 27-30, 1972"
image_470.png,"March Meeting in Atlantic City,  March 27-30, 1972"
image_471.png,"March Meeting in Atlantic City,  March 27-30, 1972"
image_472.png,"Summer Meeting in the Southwest, Albuquerque, NM, June 5-7, 1972"
image_473.png,"Summer Meeting in the Southwest, Albuquerque, NM, June 5-7, 1972"
image_474.png,"Meeting of the New England Section, Burlington, VT, October 13-14, 1972"
image_475.png,"Meeting of the Southeastern Section, Birmingham, AL, November 16-18, 1972"
image_476.png,"Meeting of the Southeastern Section, Birmingham, AL, November 16-18, 1972"
image_477.png,"Meeting of the Southeastern Section, Birmingham, AL, November 16-18, 1972"
image_478.png,"Meeting of the Southeastern Section, Birmingham, AL, November 16-18, 1972"
image_479.png,"Meeting of the Division of Fluid Mechanics, Boulder, CO, November 20-22, 1972"
image_480.png,"Meeting of the Division of Fluid Mechanics, Boulder, CO, November 20-22, 1972"
image_481.png,"Meeting of the Division of Fluid Mechanics, Boulder, CO, November 20-22, 1972"
image_482.png,"Meeting of the Division of Fluid Mechanics, Boulder, CO, November 20-22, 1972"
image_483.png,"Meeting of the Division of Fluid Mechanics, Boulder, CO, November 20-22, 1972"
image_484.png,"Meeting of the Division of Fluid Mechanics, Boulder, CO, November 20-22, 1972"
image_485.png,"Annual Meeting in New York City, Jan 29 – Feb 1, 1973"
image_486.png,"Annual Meeting in New York City, Jan 29 – Feb 1, 1973"
image_487.png,"Annual Meeting in New York City, Jan 29 – Feb 1, 1973"
image_488.png,"Annual Meeting in New York City, Jan 29 – Feb 1, 1973"
image_489.png,"Annual Meeting in New York City, Jan 29 – Feb 1, 1973"
image_490.png,"Annual Meeting in New York City, Jan 29 – Feb 1, 1973"
image_491.png,"Annual Meeting in New York City, Jan 29 – Feb 1, 1973"
image_492.png,"March Meeting in San Diego,  March 19-22, 1973"
image_493.png,"March Meeting in San Diego,  March 19-22, 1973"
image_494.png,"March Meeting in San Diego,  March 19-22, 1973"
image_495.png,"March Meeting in San Diego,  March 19-22, 1973"
image_496.png,"March Meeting in San Diego,  March 19-22, 1973"
image_497.png,"March Meeting in San Diego,  March 19-22, 1973"
image_498.png,"March Meeting in San Diego,  March 19-22, 1973"
image_499.png,"March Meeting in San Diego,  March 19-22, 1973"
image_500.png,"March Meeting in San Diego,  March 19-22, 1973"
image_501.png,"March Meeting in San Diego,  March 19-22, 1973"
image_502.png,"March Meeting in San Diego,  March 19-22, 1973"
image_503.png,"March Meeting in San Diego,  March 19-22, 1973"
image_504.png,"March Meeting in San Diego,  March 19-22, 1973"
image_505.png,"March Meeting in San Diego,  March 19-22, 1973"
image_506.png,"March Meeting in San Diego,  March 19-22, 1973"
image_507.png,"March Meeting in San Diego,  March 19-22, 1973"
image_508.png,"March Meeting in San Diego,  March 19-22, 1973"
image_509.png,"March Meeting in San Diego,  March 19-22, 1973"
image_510.png,"March Meeting in San Diego,  March 19-22, 1973"
image_511.png,"March Meeting in San Diego,  March 19-22, 1973"
image_512.png,"March Meeting in San Diego,  March 19-22, 1973"
image_513.png,"March Meeting in San Diego,  March 19-22, 1973"
image_514.png,"March Meeting in San Diego,  March 19-22, 1973"
image_515.png,"March Meeting in San Diego,  March 19-22, 1973"
image_516.png,"March Meeting in San Diego,  March 19-22, 1973"
image_517.png,"March Meeting in San Diego,  March 19-22, 1973"
image_518.png,"March Meeting in San Diego,  March 19-22, 1973"
image_519.png,"March Meeting in San Diego,  March 19-22, 1973"
image_520.png,"March Meeting in San Diego,  March 19-22, 1973"
image_521.png,"March Meeting in San Diego,  March 19-22, 1973"
image_522.png,"March Meeting in San Diego,  March 19-22, 1973"
image_523.png,"March Meeting in San Diego,  March 19-22, 1973"
image_524.png,"Spring Meeting in Washington, DC,  April 23-26, 1973"
image_525.png,"Spring Meeting in Washington, DC,  April 23-26, 1973"
image_526.png,"Spring Meeting in Washington, DC,  April 23-26, 1973"
image_527.png,"Summer Meeting in East Lansing, MI, June 18-20, 1973"
image_528.png,"Summer Meeting in East Lansing, MI, June 18-20, 1973"
image_529.png,"Summer Meeting in East Lansing, MI, June 18-20, 1973"
image_530.png,"Summer Meeting in East Lansing, MI, June 18-20, 1973"
image_531.png,"Summer Meeting in East Lansing, MI, June 18-20, 1973"
image_532.png,"Meeting of the Division of Fluid Mechanics in New Haven, CT, November 19-20, 1973"
image_533.png,"Meeting of the Division of Fluid Mechanics in New Haven, CT, November 19-20, 1973"
image_534.png,"Winter Meeting in the West, Berkeley, CA, December 27-29, 1973"
image_535.png,"Annual Meeting in Chicago, February 4-7, 1974"
image_536.png,"Annual Meeting in Chicago, February 4-7, 1974"
image_537.png,"Annual Meeting in Chicago, February 4-7, 1974"
image_538.png,"Annual Meeting in Chicago, February 4-7, 1974"
image_539.png,"Annual Meeting in Chicago, February 4-7, 1974"
image_540.png,"Annual Meeting in Chicago, February 4-7, 1974"
image_541.png,"Annual Meeting in Chicago, February 4-7, 1974"
image_542.png,"Annual Meeting in Chicago, February 4-7, 1974"
image_543.png,"Annual Meeting in Chicago, February 4-7, 1974"
image_544.png,"Annual Meeting in Chicago, February 4-7, 1974"
image_545.png,"Annual Meeting in Chicago, February 4-7, 1974"
image_546.png,"March Meeting in Philadelphia, March 25-28, 1974"
image_547.png,"March Meeting in Philadelphia, March 25-28, 1974"
image_548.png,"March Meeting in Philadelphia, March 25-28, 1974"
image_549.png,"March Meeting in Philadelphia, March 25-28, 1974"
image_550.png,"March Meeting in Philadelphia, March 25-28, 1974"
image_551.png,"March Meeting in Philadelphia, March 25-28, 1974"
image_552.png,"March Meeting in Philadelphia, March 25-28, 1974"
image_553.png,"March Meeting in Philadelphia, March 25-28, 1974"
image_554.png,"March Meeting in Philadelphia, March 25-28, 1974"
image_555.png,"March Meeting in Philadelphia, March 25-28, 1974"
image_556.png,"March Meeting in Philadelphia, March 25-28, 1974"
image_557.png,"March Meeting in Philadelphia, March 25-28, 1974"
image_558.png,"March Meeting in Philadelphia, March 25-28, 1974"
image_559.png,"March Meeting in Philadelphia, March 25-28, 1974"
image_560.png,"March Meeting in Philadelphia, March 25-28, 1974"
image_561.png,"March Meeting in Philadelphia, March 25-28, 1974"
image_562.png,"March Meeting in Philadelphia, March 25-28, 1974"
image_563.png,"March Meeting in Philadelphia, March 25-28, 1974"
image_564.png,"March Meeting in Philadelphia, March 25-28, 1974"
image_565.png,"March Meeting in Philadelphia, March 25-28, 1974"
image_566.png,"March Meeting in Philadelphia, March 25-28, 1974"
image_567.png,"March Meeting in Philadelphia, March 25-28, 1974"
image_568.png,"March Meeting in Philadelphia, March 25-28, 1974"
image_569.png,"March Meeting in Philadelphia, March 25-28, 1974"
image_570.png,"March Meeting in Philadelphia, March 25-28, 1974"
image_571.png,"March Meeting in Philadelphia, March 25-28, 1974"
image_572.png,"March Meeting in Philadelphia, March 25-28, 1974"
image_573.png,"March Meeting in Philadelphia, March 25-28, 1974"
image_574.png,"March Meeting in Philadelphia, March 25-28, 1974"
image_575.png,"March Meeting in Philadelphia, March 25-28, 1974"
image_576.png,"March Meeting in Philadelphia, March 25-28, 1974"
image_577.png,"March Meeting in Philadelphia, March 25-28, 1974"
image_578.png,"March Meeting in Philadelphia, March 25-28, 1974"
image_579.png,"March Meeting in Philadelphia, March 25-28, 1974"
image_580.png,"Meeting of the New England Section, Brown University, April 5-6, 1974"
image_581.png,"Spring Meeting in Washington, DC, April 22-25, 1974"
image_582.png,"Spring Meeting in Washington, DC, April 22-25, 1974"
image_583.png,"Spring Meeting in Washington, DC, April 22-25, 1974"
image_584.png,"Spring Meeting in Washington, DC, April 22-25, 1974"
image_585.png,"Spring Meeting in Washington, DC, April 22-25, 1974"
image_586.png,"Spring Meeting in Washington, DC, April 22-25, 1974"
image_587.png,"Spring Meeting in Washington, DC, April 22-25, 1974"
image_588.png,"Spring Meeting in Washington, DC, April 22-25, 1974"
image_589.png,"Spring Meeting in Washington, DC, April 22-25, 1974"
image_590.png,"Spring Meeting in Washington, DC, April 22-25, 1974"
image_591.png,"Meeting of the Ohio Section, Wright-Patterson AFB,  May 10-11, 1974"
image_592.png,"Summer Meeting in Salt Lake City, June 12-14, 1974"
image_593.png,"Summer Meeting in Salt Lake City, June 12-14, 1974"
image_594.png,"Meeting of the Southeastern Section, Winston-Salem, NC,  November 8-10, 1974"
image_595.png,"Meeting of the Southeastern Section, Winston-Salem, NC,  November 8-10, 1974"
image_596.png,"Fall Meeting in Atlanta,  December, 5 -7, 1974"
image_597.png,"Fall Meeting in Atlanta,  December, 5 -7, 1974"
image_598.png,"Fall Meeting in Atlanta,  December, 5 -7, 1974"
image_599.png,"Fall Meeting in Atlanta,  December, 5 -7, 1974"
image_600.png,"Fall Meeting in Atlanta,  December, 5 -7, 1974"
image_601.png,"Fall Meeting in Atlanta,  December, 5 -7, 1974"
image_602.png,"Fall Meeting in Atlanta,  December, 5 -7, 1974"
image_603.png,"Fall Meeting in Atlanta,  December, 5 -7, 1974"
image_604.png,"Fall Meeting in Atlanta,  December, 5 -7, 1974"
image_605.png,"Fall Meeting in Atlanta,  December, 5 -7, 1974"
image_606.png,"Fall Meeting in Atlanta,  December, 5 -7, 1974"
image_607.png,"Annual Meeting in Anaheim, January 29 – February 1, 1975"
image_608.png,"Annual Meeting in Anaheim, January 29 – February 1, 1975"
image_609.png,"Annual Meeting in Anaheim, January 29 – February 1, 1975"
image_610.png,"Annual Meeting in Anaheim, January 29 – February 1, 1975"
image_611.png,"Annual Meeting in Anaheim, January 29 – February 1, 1975"
image_612.png,"Annual Meeting in Anaheim, January 29 – February 1, 1975"
image_613.png,"Annual Meeting in Anaheim, January 29 – February 1, 1975"
image_614.png,"March Meeting in Denver, March 31 – April 3, 1975"
image_615.png,"March Meeting in Denver, March 31 – April 3, 1975"
image_616.png,"March Meeting in Denver, March 31 – April 3, 1975"
image_617.png,"March Meeting in Denver, March 31 – April 3, 1975"
image_618.png,"March Meeting in Denver, March 31 – April 3, 1975"
image_619.png,"March Meeting in Denver, March 31 – April 3, 1975"
image_620.png,"March Meeting in Denver, March 31 – April 3, 1975"
image_621.png,"March Meeting in Denver, March 31 – April 3, 1975"
image_622.png,"March Meeting in Denver, March 31 – April 3, 1975"
image_623.png,"March Meeting in Denver, March 31 – April 3, 1975"
image_624.png,"March Meeting in Denver, March 31 – April 3, 1975"
image_625.png,"March Meeting in Denver, March 31 – April 3, 1975"
image_626.png,"March Meeting in Denver, March 31 – April 3, 1975"
image_627.png,"March Meeting in Denver, March 31 – April 3, 1975"
image_628.png,"March Meeting in Denver, March 31 – April 3, 1975"
image_629.png,"March Meeting in Denver, March 31 – April 3, 1975"
image_630.png,"March Meeting in Denver, March 31 – April 3, 1975"
image_631.png,"March Meeting in Denver, March 31 – April 3, 1975"
image_632.png,"March Meeting in Denver, March 31 – April 3, 1975"
image_633.png,"March Meeting in Denver, March 31 – April 3, 1975"
image_634.png,"March Meeting in Denver, March 31 – April 3, 1975"
image_635.png,"March Meeting in Denver, March 31 – April 3, 1975"
image_636.png,"March Meeting in Denver, March 31 – April 3, 1975"
image_637.png,"March Meeting in Denver, March 31 – April 3, 1975"
image_638.png,"March Meeting in Denver, March 31 – April 3, 1975"
image_639.png,"March Meeting in Denver, March 31 – April 3, 1975"
image_640.png,"March Meeting in Denver, March 31 – April 3, 1975"
image_641.png,"Spring Meeting of the New England Section, Quinnipiac, CT, April 4-5, 1975"
image_642.png,"Spring Meeting in Washington, DC, April 28 – May 1, 1975 Jointly with the American Association of Physicists in Medicine"
image_643.png,"Spring Meeting in Washington, DC, April 28 – May 1, 1975 Jointly with the American Association of Physicists in Medicine"
image_644.png,"Spring Meeting in Washington, DC, April 28 – May 1, 1975 Jointly with the American Association of Physicists in Medicine"
image_645.png,"Spring Meeting in Washington, DC, April 28 – May 1, 1975 Jointly with the American Association of Physicists in Medicine"
image_646.png,"Spring Meeting in Washington, DC, April 28 – May 1, 1975 Jointly with the American Association of Physicists in Medicine"
image_647.png,"Spring Meeting in Washington, DC, April 28 – May 1, 1975 Jointly with the American Association of Physicists in Medicine"
image_648.png,"Spring Meeting in Washington, DC, April 28 – May 1, 1975 Jointly with the American Association of Physicists in Medicine"
image_649.png,"Spring Meeting in Washington, DC, April 28 – May 1, 1975 Jointly with the American Association of Physicists in Medicine"
image_650.png,"Spring Meeting in Washington, DC, April 28 – May 1, 1975 Jointly with the American Association of Physicists in Medicine"
image_651.png,"Spring Meeting in Washington, DC, April 28 – May 1, 1975 Jointly with the American Association of Physicists in Medicine"
image_652.png,"Spring Meeting in Washington, DC, April 28 – May 1, 1975 Jointly with the American Association of Physicists in Medicine"
image_653.png,"June Meeting in Knoxville, TN, June 16 – 18, 1975"
image_654.png,"June Meeting in Knoxville, TN, June 16 – 18, 1975"
image_655.png,"Fall Meeting of the Ohio Section, Ball State University, October 17 – 18, 1975"
image_656.png,"Fall Meeting of the Southeastern Section, Auburn, University, November 13 – 15, 1975"
image_657.png,"Fall Meeting of the Southeastern Section, Auburn, University, November 13 – 15, 1975"
image_658.png," Annual Meeting in New York City, February 2-5, 1976"
image_659.png," Annual Meeting in New York City, February 2-5, 1976"
image_660.png," Annual Meeting in New York City, February 2-5, 1976"
image_661.png," Annual Meeting in New York City, February 2-5, 1976"
image_662.png," Annual Meeting in New York City, February 2-5, 1976"
image_663.png," Annual Meeting in New York City, February 2-5, 1976"
image_664.png," Annual Meeting in New York City, February 2-5, 1976"
image_665.png," Annual Meeting in New York City, February 2-5, 1976"
image_666.png," Annual Meeting in New York City, February 2-5, 1976"
image_667.png,"March Meeting in Atlanta,  March 29 – April 1, 1976"
image_668.png,"March Meeting in Atlanta,  March 29 – April 1, 1976"
image_669.png,"March Meeting in Atlanta,  March 29 – April 1, 1976"
image_670.png,"March Meeting in Atlanta,  March 29 – April 1, 1976"
image_671.png,"March Meeting in Atlanta,  March 29 – April 1, 1976"
image_672.png,"March Meeting in Atlanta,  March 29 – April 1, 1976"
image_673.png,"March Meeting in Atlanta,  March 29 – April 1, 1976"
image_674.png,"March Meeting in Atlanta,  March 29 – April 1, 1976"
image_675.png,"March Meeting in Atlanta,  March 29 – April 1, 1976"
image_676.png,"March Meeting in Atlanta,  March 29 – April 1, 1976"
image_677.png,"March Meeting in Atlanta,  March 29 – April 1, 1976"
image_678.png,"March Meeting in Atlanta,  March 29 – April 1, 1976"
image_679.png,"March Meeting in Atlanta,  March 29 – April 1, 1976"
image_680.png,"March Meeting in Atlanta,  March 29 – April 1, 1976"
image_681.png,"March Meeting in Atlanta,  March 29 – April 1, 1976"
image_682.png,"March Meeting in Atlanta,  March 29 – April 1, 1976"
image_683.png,"March Meeting in Atlanta,  March 29 – April 1, 1976"
image_684.png,"March Meeting in Atlanta,  March 29 – April 1, 1976"
image_685.png,"Annual Meeting in Chicago, February 7-10, 1977"
image_686.png,"Annual Meeting in Chicago, February 7-10, 1977"
image_687.png,"Annual Meeting in Chicago, February 7-10, 1977"
image_688.png,"Annual Meeting in Chicago, February 7-10, 1977"
image_689.png,"Annual Meeting in Chicago, February 7-10, 1977"
image_690.png,"Annual Meeting in Chicago, February 7-10, 1977"
image_691.png,"Annual Meeting in Chicago, February 7-10, 1977"
image_692.png,"March Meeting in San Diego, March 21 – 24,1977"
image_693.png,"March Meeting in San Diego, March 21 – 24,1977"
image_694.png,"March Meeting in San Diego, March 21 – 24,1977"
image_695.png,"March Meeting in San Diego, March 21 – 24,1977"
image_696.png,"March Meeting in San Diego, March 21 – 24,1977"
image_697.png,"March Meeting in San Diego, March 21 – 24,1977"
image_698.png,"March Meeting in San Diego, March 21 – 24,1977"
image_699.png,"March Meeting in San Diego, March 21 – 24,1977"
image_700.png,"March Meeting in San Diego, March 21 – 24,1977"
image_701.png,"March Meeting in San Diego, March 21 – 24,1977"
image_702.png,"March Meeting in San Diego, March 21 – 24,1977"
image_703.png,"March Meeting in San Diego, March 21 – 24,1977"
image_704.png,"March Meeting in San Diego, March 21 – 24,1977"
image_705.png,"March Meeting in San Diego, March 21 – 24,1977"
image_706.png,"March Meeting in San Diego, March 21 – 24,1977"
image_707.png,"March Meeting in San Diego, March 21 – 24,1977"
image_708.png,"March Meeting in San Diego, March 21 – 24,1977"
image_709.png,"March Meeting in San Diego, March 21 – 24,1977"
image_710.png,"March Meeting in San Diego, March 21 – 24,1977"
image_711.png,"March Meeting in San Diego, March 21 – 24,1977"
image_712.png,"March Meeting in San Diego, March 21 – 24,1977"
image_713.png,"March Meeting in San Diego, March 21 – 24,1977"
image_714.png,"March Meeting in San Diego, March 21 – 24,1977"
image_715.png,"March Meeting in San Diego, March 21 – 24,1977"
image_716.png,"March Meeting in San Diego, March 21 – 24,1977"
image_717.png,"March Meeting in San Diego, March 21 – 24,1977"
image_718.png,"March Meeting in San Diego, March 21 – 24,1977"
image_719.png,"March Meeting in San Diego, March 21 – 24,1977"
image_720.png,"Annual Meeting in San Francisco, January 23-26, 1978"
image_721.png,"Annual Meeting in San Francisco, January 23-26, 1978"
image_722.png,"Annual Meeting in San Francisco, January 23-26, 1978"
image_723.png,"Annual Meeting in San Francisco, January 23-26, 1978"
image_724.png,"March Meeting in Washington, DC, March 27-30, 1978 Jointly with the Biophysical Society"
image_725.png,"March Meeting in Washington, DC, March 27-30, 1978 Jointly with the Biophysical Society"
image_726.png,"March Meeting in Washington, DC, March 27-30, 1978 Jointly with the Biophysical Society"
image_727.png,"March Meeting in Washington, DC, March 27-30, 1978 Jointly with the Biophysical Society"
image_728.png,"March Meeting in Washington, DC, March 27-30, 1978 Jointly with the Biophysical Society"
image_729.png,"March Meeting in Washington, DC, March 27-30, 1978 Jointly with the Biophysical Society"
image_730.png,"March Meeting in Washington, DC, March 27-30, 1978 Jointly with the Biophysical Society"
image_731.png,"March Meeting in Washington, DC, March 27-30, 1978 Jointly with the Biophysical Society"
image_732.png,"March Meeting in Washington, DC, March 27-30, 1978 Jointly with the Biophysical Society"
image_733.png,"March Meeting in Washington, DC, March 27-30, 1978 Jointly with the Biophysical Society"
image_734.png,"March Meeting in Washington, DC, March 27-30, 1978 Jointly with the Biophysical Society"
image_735.png,"March Meeting in Washington, DC, March 27-30, 1978 Jointly with the Biophysical Society"
image_736.png,"March Meeting in Washington, DC, March 27-30, 1978 Jointly with the Biophysical Society"
image_737.png,"March Meeting in Washington, DC, March 27-30, 1978 Jointly with the Biophysical Society"
image_738.png,"March Meeting in Washington, DC, March 27-30, 1978 Jointly with the Biophysical Society"
image_739.png,"March Meeting in Washington, DC, March 27-30, 1978 Jointly with the Biophysical Society"
image_740.png,"March Meeting in Washington, DC, March 27-30, 1978 Jointly with the Biophysical Society"
image_741.png,"March Meeting in Washington, DC, March 27-30, 1978 Jointly with the Biophysical Society"
image_742.png,"March Meeting in Washington, DC, March 27-30, 1978 Jointly with the Biophysical Society"
image_743.png,"March Meeting in Washington, DC, March 27-30, 1978 Jointly with the Biophysical Society"
image_744.png,"March Meeting in Washington, DC, March 27-30, 1978 Jointly with the Biophysical Society"
image_745.png,"March Meeting in Washington, DC, March 27-30, 1978 Jointly with the Biophysical Society"
image_746.png,"March Meeting in Washington, DC, March 27-30, 1978 Jointly with the Biophysical Society"
image_747.png,"March Meeting in Washington, DC, March 27-30, 1978 Jointly with the Biophysical Society"
image_748.png,"March Meeting in Washington, DC, March 27-30, 1978 Jointly with the Biophysical Society"
image_749.png,"March Meeting in Washington, DC, March 27-30, 1978 Jointly with the Biophysical Society"
image_750.png,"March Meeting in Washington, DC, March 27-30, 1978 Jointly with the Biophysical Society"
image_751.png,"March Meeting in Washington, DC, March 27-30, 1978 Jointly with the Biophysical Society"
image_752.png,"March Meeting in Washington, DC, March 27-30, 1978 Jointly with the Biophysical Society"
image_753.png,"March Meeting in Washington, DC, March 27-30, 1978 Jointly with the Biophysical Society"
image_754.png,"March Meeting in Washington, DC, March 27-30, 1978 Jointly with the Biophysical Society"
image_755.png,"March Meeting in Washington, DC, March 27-30, 1978 Jointly with the Biophysical Society"
image_756.png,"March Meeting in Washington, DC, March 27-30, 1978 Jointly with the Biophysical Society"
image_757.png,"March Meeting in Washington, DC, March 27-30, 1978 Jointly with the Biophysical Society"
image_758.png,"March Meeting in Washington, DC, March 27-30, 1978 Jointly with the Biophysical Society"
image_759.png,"March Meeting in Washington, DC, March 27-30, 1978 Jointly with the Biophysical Society"
image_760.png,"March Meeting in Washington, DC, March 27-30, 1978 Jointly with the Biophysical Society"
image_761.png,"March Meeting in Washington, DC, March 27-30, 1978 Jointly with the Biophysical Society"
image_762.png,"March Meeting in Washington, DC, March 27-30, 1978 Jointly with the Biophysical Society"
image_763.png,"March Meeting in Washington, DC, March 27-30, 1978 Jointly with the Biophysical Society"
image_764.png,"March Meeting in Washington, DC, March 27-30, 1978 Jointly with the Biophysical Society"
image_765.png,"March Meeting in Washington, DC, March 27-30, 1978 Jointly with the Biophysical Society"
image_766.png,"March Meeting in Washington, DC, March 27-30, 1978 Jointly with the Biophysical Society"
image_767.png,"March Meeting in Washington, DC, March 27-30, 1978 Jointly with the Biophysical Society"
image_768.png,"March Meeting in Washington, DC, March 27-30, 1978 Jointly with the Biophysical Society"
image_769.png,"March Meeting in Washington, DC, March 27-30, 1978 Jointly with the Biophysical Society"
image_770.png,"March Meeting in Washington, DC, March 27-30, 1978 Jointly with the Biophysical Society"
image_771.png,"March Meeting in Washington, DC, March 27-30, 1978 Jointly with the Biophysical Society"
image_772.png,"March Meeting in Washington, DC, March 27-30, 1978 Jointly with the Biophysical Society"
image_773.png,"March Meeting in Washington, DC, March 27-30, 1978 Jointly with the Biophysical Society"
image_774.png,"March Meeting in Washington, DC, March 27-30, 1978 Jointly with the Biophysical Society"
image_775.png,"March Meeting in Washington, DC, March 27-30, 1978 Jointly with the Biophysical Society"
image_776.png,"Spring Meeting of the New England Section, Middletown, CT, April 14-15, 1978"
image_777.png,"Spring Meeting of the New England Section, Middletown, CT, April 14-15, 1978"
image_778.png,"Meeting of the Ohio Section, Case Western University, May 5-6, 1978"
image_779.png,"Fall Meeting of the New England Section, Williamstown, MA, September 29-30, 1978"
image_780.png,"Fall Meeting of the Southeast Section, Blacksburg, VA, October 26-28, 1978"
image_781.png,"Annual Meeting in New York City, January 29 – February 1, 1979"
image_782.png,"Annual Meeting in New York City, January 29 – February 1, 1979"
image_783.png,"Annual Meeting in New York City, January 29 – February 1, 1979"
image_784.png,"Annual Meeting in New York City, January 29 – February 1, 1979"
image_785.png,"Annual Meeting in New York City, January 29 – February 1, 1979"
image_786.png,"Annual Meeting in New York City, January 29 – February 1, 1979"
image_787.png,"Annual Meeting in New York City, January 29 – February 1, 1979"
image_788.png,"Annual Meeting in New York City, January 29 – February 1, 1979"
image_789.png,"Annual Meeting in New York City, January 29 – February 1, 1979"
image_790.png,"March Meeting in Chicago, IL,  March 19 -23, 1979"
image_791.png,"March Meeting in Chicago, IL,  March 19 -23, 1979"
image_792.png,"March Meeting in Chicago, IL,  March 19 -23, 1979"
image_793.png,"March Meeting in Chicago, IL,  March 19 -23, 1979"
image_794.png,"March Meeting in Chicago, IL,  March 19 -23, 1979"
image_795.png,"March Meeting in Chicago, IL,  March 19 -23, 1979"
image_796.png,"March Meeting in Chicago, IL,  March 19 -23, 1979"
image_797.png,"March Meeting in Chicago, IL,  March 19 -23, 1979"
image_798.png,"March Meeting in Chicago, IL,  March 19 -23, 1979"
image_799.png,"March Meeting in Chicago, IL,  March 19 -23, 1979"
image_800.png,"March Meeting in Chicago, IL,  March 19 -23, 1979"
image_801.png,"March Meeting in Chicago, IL,  March 19 -23, 1979"
image_802.png,"March Meeting in Chicago, IL,  March 19 -23, 1979"
image_803.png,"March Meeting in Chicago, IL,  March 19 -23, 1979"
image_804.png,"March Meeting in Chicago, IL,  March 19 -23, 1979"
image_805.png,"March Meeting in Chicago, IL,  March 19 -23, 1979"
image_806.png,"Spring Meeting of the New England Section, April 6-7, 1979"
image_807.png,"Annual Meeting in Washington, DC, April  23 - 24, 1979"
image_808.png,"Annual Meeting in Washington, DC, April  23 - 24, 1979"
image_809.png,"Annual Meeting in Washington, DC, April  23 - 24, 1979"
image_810.png,"Annual Meeting in Washington, DC, April  23 - 24, 1979"
image_811.png,"Annual Meeting in Washington, DC, April  23 - 24, 1979"
image_812.png,"Fall Meeting of the Southeast Section, Chattanooga, TN, November 8-10, 1979"
image_813.png,"Fall Meeting of the Southeast Section, Chattanooga, TN, November 8-10, 1979"
image_814.png,"Annual Meeting in Chicago, IL, January 21 -24, 1980"
image_815.png,"Annual Meeting in Chicago, IL, January 21 -24, 1980"
image_816.png,"Annual Meeting in Chicago, IL, January 21 -24, 1980"
image_817.png,"Annual Meeting in Chicago, IL, January 21 -24, 1980"
image_818.png,"Annual Meeting in Chicago, IL, January 21 -24, 1980"
image_819.png,"Annual Meeting in Chicago, IL, January 21 -24, 1980"
image_820.png,"March Meeting in New York City, March 24 – 28, 1980"
image_821.png,"March Meeting in New York City, March 24 – 28, 1980"
image_822.png,"March Meeting in New York City, March 24 – 28, 1980"
image_823.png,"March Meeting in New York City, March 24 – 28, 1980"
image_824.png,"March Meeting in New York City, March 24 – 28, 1980"
image_825.png,"March Meeting in New York City, March 24 – 28, 1980"
image_826.png,"March Meeting in New York City, March 24 – 28, 1980"
image_827.png,"March Meeting in New York City, March 24 – 28, 1980"
image_828.png,"March Meeting in New York City, March 24 – 28, 1980"
image_829.png,"March Meeting in New York City, March 24 – 28, 1980"
image_830.png,"March Meeting in New York City, March 24 – 28, 1980"
image_831.png,"March Meeting in New York City, March 24 – 28, 1980"
image_832.png,"March Meeting in New York City, March 24 – 28, 1980"
image_833.png,"March Meeting in New York City, March 24 – 28, 1980"
image_834.png,"March Meeting in New York City, March 24 – 28, 1980"
image_835.png,"March Meeting in New York City, March 24 – 28, 1980"
image_836.png,"March Meeting in New York City, March 24 – 28, 1980"
image_837.png,"March Meeting in New York City, March 24 – 28, 1980"
image_838.png,"March Meeting in New York City, March 24 – 28, 1980"
image_839.png,"March Meeting in New York City, March 24 – 28, 1980"
image_840.png,"March Meeting in New York City, March 24 – 28, 1980"
image_841.png,"March Meeting in New York City, March 24 – 28, 1980"
image_842.png,"March Meeting in New York City, March 24 – 28, 1980"
image_843.png,"March Meeting in New York City, March 24 – 28, 1980"
image_844.png,"Spring Meeting in Washington, DC, April 28 – May 1, 1980"
image_845.png,"Spring Meeting in Washington, DC, April 28 – May 1, 1980"
image_846.png,"Spring Meeting in Washington, DC, April 28 – May 1, 1980"
image_847.png,"Spring Meeting in Washington, DC, April 28 – May 1, 1980"
image_848.png,"Spring Meeting in Washington, DC, April 28 – May 1, 1980"
image_849.png,"Meeting of the Division of Fluid Mechanics, Ithaca, NY,  November 23 – 25 1980"
